id,objectid,statefp,countyfp,tractce,blkgrpce,geoid,namelsad,mtfcc,funcstat,aland,awater,intptlat,intptlon,shape_leng,shape_area,geoid_data,geoid2,nbr_crimes,avg_sfla,avg_aprtot,avg_price,avg_rmbed,nbr_parcels,nbr_housing,pop,crime_rate,avg_hh_income,lstat
32,261,12,127,83203,2,1.21E+11,Block Group 2,G5030,S,38825313,47302,29.2513179,-81.2404415,0.471901254,0.003608033,15000US121270832032,15000US121270832032,0,2663.3,308041.5,356547,3.6,301,558,1428,LOW,93688,0.130046705
1806,508,12,127,82100,1,1.21E+11,Block Group 1,G5030,S,547785,0,29.2031049,-81.0250028,0.035116021,5.08E-05,15000US121270821001,15000US121270821001,42,1114.6,58531.3,66471,2.8,21,131,263,HIGH,21563,0.878619616
5144,4440,12,127,82301,3,1.21E+11,Block Group 3,G5030,S,1923315,0,29.2011947,-81.0645714,0.063655227,0.000178431,15000US121270823013,15000US121270823013,87,1158.8,99391.1,118591,2.1,35,12,165,HIGH,25083,0.842086144
697,4542,12,127,91026,2,1.21E+11,Block Group 2,G5030,S,3818595,1094645,28.8982677,-81.1923211,0.109255496,0.000454504,15000US121270910262,15000US121270910262,0,1672.9,176236.8,196714,3.2,335,335,902,LOW,57275,0.507970939
5148,4443,12,127,90203,3,1.21E+11,Block Group 3,G5030,S,2661078,0,29.1281428,-81.3535566,0.070488878,0.000246703,15000US121270902033,15000US121270902033,0,1356.9,139595.3,164451,2.9,57,201,661,LOW,40625,0.680778412
5376,4645,12,127,90702,3,1.21E+11,Block Group 3,G5030,S,647899,0,29.0207101,-81.3219062,0.03723125,6.00E-05,15000US121270907023,15000US121270907023,4,1267.2,142387.2,155418,2.7,49,134,298,LOW,35694,0.731956409
1577,881,12,127,90102,1,1.21E+11,Block Group 1,G5030,S,149052116,9904075,29.1577781,-81.4776655,0.738305295,0.014742239,15000US121270901021,15000US121270901021,0,1523.2,207286.7,239230,2.7,88,1037,2003,LOW,42850,0.657685522
1574,883,12,127,83003,2,1.21E+11,Block Group 2,G5030,S,86151985,4374139,28.8402255,-80.8826752,0.418468076,0.008370678,15000US121270830032,15000US121270830032,0,1763,266950.2,270460,2.8,128,1551,2666,LOW,34250,0.746943435
11390,4222,12,127,91029,1,1.21E+11,Block Group 1,G5030,S,22209892,24073928,28.8685897,-81.2850481,0.388394428,0.004279243,15000US121270910291,15000US121270910291,0,2298.8,271252.2,312698,3.5,64,310,518,LOW,46364,0.621214323
5324,4601,12,127,90307,1,1.21E+11,Block Group 1,G5030,S,3166201,0,29.0206383,-81.2718432,0.071662038,0.000293232,15000US121270903071,15000US121270903071,4,1305.9,138037.8,152733,2.9,165,518,1232,LOW,31019,0.780477426
1966,723,12,127,80300,3,1.21E+11,Block Group 3,G5030,S,738127,401869,29.3205637,-81.0581111,0.045105598,0.000105881,15000US121270803003,15000US121270803003,2,1202.9,237435.5,265685,2.2,259,483,745,LOW,43324,0.652765957
5058,4351,12,127,90805,1,1.21E+11,Block Group 1,G5030,S,3415538,0,28.9449755,-81.2682079,0.088604931,0.000316097,15000US121270908051,15000US121270908051,8,2132.1,210797.4,240439,3.5,72,838,1088,LOW,47576,0.608635184
7748,7317,12,127,82301,1,1.21E+11,Block Group 1,G5030,S,13115707,0,29.2061744,-81.083754,0.165724822,0.001216833,15000US121270823011,15000US121270823011,109,1676.2,166836,187126,2.6,154,997,1804,HIGH,31971,0.770596783
7751,7324,12,127,81700,2,1.21E+11,Block Group 2,G5030,S,827429,0,29.2287391,-81.0666963,0.037973394,7.68E-05,15000US121270817002,15000US121270817002,7,1504.3,138660.1,158859,3.2,74,113,273,LOW,32961,0.760321744
9766,9582,12,127,90400,2,1.21E+11,Block Group 2,G5030,S,911772,0,29.0377735,-81.2952658,0.038995749,8.45E-05,15000US121270904002,15000US121270904002,10,1522.5,187714,206500,2.8,75,156,298,LOW,52875,0.553637779
5140,4435,12,127,80804,2,1.21E+11,Block Group 2,G5030,S,3813686,0,29.2482078,-81.0847272,0.087821943,0.000353964,15000US121270808042,15000US121270808042,3,1724.2,185367.7,210615,3.2,151,713,1346,LOW,34875,0.740456668
1154,7254,12,127,80400,3,1.21E+11,Block Group 3,G5030,S,620309,322818,29.2888638,-81.0431003,0.050706943,0.000087569,15000US121270804003,15000US121270804003,20,1260.6,196777.5,228329,2.2,78,39,87,MED,45962,0.625386611
7701,7316,12,127,82503,4,1.21E+11,Block Group 4,G5030,S,1718586,0,29.1269162,-80.9977485,0.053218938,0.000159325,15000US121270825034,15000US121270825034,27,1358.3,166176.6,190830,2.6,148,385,725,MED,50061,0.582843799
9774,9586,12,127,90600,1,1.21E+11,Block Group 1,G5030,S,1764912,0,29.0235621,-81.2873202,0.060781131,0.000163459,15000US121270906001,15000US121270906001,31,1182.3,125947.3,139450,2.8,105,252,634,MED,33466,0.755080436
5110,4394,12,127,82511,2,1.21E+11,Block Group 2,G5030,S,1243105,1394500,29.1316143,-80.9789771,0.082450435,0.000244538,15000US121270825112,15000US121270825112,36,1322,169354.8,200276,2.7,71,385,616,HIGH,37143,0.716917488
1815,515,12,127,82201,2,1.21E+11,Block Group 2,G5030,S,518563,0,29.1907066,-81.0136771,0.041176196,4.81E-05,15000US121270822012,15000US121270822012,27,942.4,56690.7,65370,1.8,44,16,15,MED,30069,0.790337312
6894,6336,12,127,83207,1,1.21E+11,Block Group 1,G5030,S,13654980,0,29.1091092,-81.0559497,0.157600066,0.001265694,15000US121270832071,15000US121270832071,51,1948.5,240158.5,272313,3.5,842,1073,2070,HIGH,56413,0.516917488
297,2628,12,127,90101,1,1.21E+11,Block Group 1,G5030,S,89334597,7873140,29.1710015,-81.3410428,0.489932967,0.009015539,15000US121270901011,15000US121270901011,0,1951.7,247228.7,271379,3,68,266,635,LOW,54509,0.536678775
4929,4217,12,127,91020,2,1.21E+11,Block Group 2,G5030,S,3386382,0,28.9463555,-81.1910012,0.103090302,0.000313403,15000US121270910202,15000US121270910202,0,1510.6,163385.8,178420,3.2,324,379,1025,LOW,53852,0.543497665
5104,4390,12,127,80803,4,1.21E+11,Block Group 4,G5030,S,2089557,0,29.2735585,-81.0684725,0.057214773,0.000193988,15000US121270808034,15000US121270808034,10,1523.3,160927,183301,2.8,134,195,387,LOW,48816,0.595765439
5317,4596,12,127,80807,2,1.21E+11,Block Group 2,G5030,S,1467910,0,29.285376,-81.0888459,0.058008994,0.000136291,15000US121270808072,15000US121270808072,21,1758.6,185680.8,210147,2.7,212,352,628,MED,40417,0.682937208
5327,4603,12,127,90902,4,1.21E+11,Block Group 4,G5030,S,1804087,106906,28.8763559,-81.2933219,0.060146492,0.000176741,15000US121270909024,15000US121270909024,0,1331.9,159746.3,180322,2.8,136,290,612,LOW,55938,0.521847431
5336,4616,12,127,91020,1,1.21E+11,Block Group 1,G5030,S,7759743,50106,28.9513531,-81.1711284,0.107593718,0.000722822,15000US121270910201,15000US121270910201,0,1538.8,167137.1,182181,3.2,309,774,2175,LOW,47540,0.609008822
1794,497,12,127,81800,3,1.21E+11,Block Group 3,G5030,S,646975,0,29.2056567,-81.0450779,0.036349087,6.00E-05,15000US121270818003,15000US121270818003,20,1208.9,97985.8,112004,2.8,25,132,293,MED,21556,0.878692268
9158,8899,12,127,90600,2,1.21E+11,Block Group 2,G5030,S,1115436,0,29.0202383,-81.2946246,0.045100039,0.000103304,15000US121270906002,15000US121270906002,30,1530,138538.8,158639,3,85,86,261,MED,17141,0.92451479
5370,4642,12,127,82701,2,1.21E+11,Block Group 2,G5030,S,587752,747469,29.0431693,-80.8999984,0.055466569,0.000123685,15000US121270827012,15000US121270827012,27,1398.8,405661.2,461049,2.3,161,368,514,MED,56477,0.516253243
4931,4218,12,127,90305,1,1.21E+11,Block Group 1,G5030,S,31375161,1215435,29.0572046,-81.2255757,0.248645642,0.003019226,15000US121270903051,15000US121270903051,0,1532.5,178622.6,171275,3.1,496,1021,2567,LOW,50098,0.582459782
4934,4219,12,127,90702,4,1.21E+11,Block Group 4,G5030,S,4396924,0,28.9939845,-81.3138657,0.096232632,0.00040711,15000US121270907024,15000US121270907024,1,2124.4,234512.7,266591,3.3,141,206,458,LOW,60958,0.469745719
1839,535,12,127,82405,4,1.21E+11,Block Group 4,G5030,S,556855,0,29.1650574,-81.013478,0.039833691,5.16E-05,15000US121270824054,15000US121270824054,3,1546.6,170802.2,193536,2.9,59,16,30,LOW,61103,0.468240789
1840,536,12,127,82406,1,1.21E+11,Block Group 1,G5030,S,2163201,0,29.1526277,-81.0085192,0.062765673,0.000200592,15000US121270824061,15000US121270824061,6,1584,186044.5,211443,2.9,216,424,938,LOW,61985,0.459086663
4937,4235,12,127,80901,2,1.21E+11,Block Group 2,G5030,S,1178725,0,29.2548125,-81.055363,0.054569723,0.00010941,15000US121270809012,15000US121270809012,11,1395.9,144975,162570,2.8,44,109,242,MED,41544,0.67124027
4938,4224,12,127,91019,3,1.21E+11,Block Group 3,G5030,S,5300770,812084,28.9265002,-81.2121264,0.109322133,0.000565624,15000US121270910193,15000US121270910193,0,1680.6,171405.9,192835,3.1,156,125,333,LOW,50000,0.583476907
706,4580,12,127,82703,3,1.21E+11,Block Group 3,G5030,S,933901,658139,29.0220216,-80.8861274,0.050984784,0.000147447,15000US121270827033,15000US121270827033,6,1361.3,360045,414825,2.5,191,107,93,LOW,67879,0.397913856
4317,3573,12,127,80400,1,1.21E+11,Block Group 1,G5030,S,1105937,964956,29.2952836,-81.0460867,0.058349084,0.000192294,15000US121270804001,15000US121270804001,2,2651.7,451429.4,540112,3,96,94,198,LOW,73214,0.342542813
4939,4225,12,127,91027,1,1.21E+11,Block Group 1,G5030,S,2269828,865646,28.9192982,-81.1975888,0.085952327,0.000290097,15000US121270910271,15000US121270910271,0,1589.8,165096.9,181657,3.1,287,427,1069,LOW,49809,0.585459263
519,4230,12,127,83206,1,1.21E+11,Block Group 1,G5030,S,191436609,733033,29.1712727,-81.2246774,0.612612119,0.017824622,15000US121270832061,15000US121270832061,0,1945.7,254640.6,261563,3.1,54,218,3706,LOW,78696,0.285646082
5108,4395,12,127,83007,2,1.21E+11,Block Group 2,G5030,S,594814,0,28.9429134,-80.9017292,0.044420549,0.000055047,15000US121270830072,15000US121270830072,14,1486.7,169217.4,185670,3,83,0,0,MED,65431,0.423321225
1784,485,12,127,82506,1,1.21E+11,Block Group 1,G5030,S,2338443,0,29.1381261,-81.0233252,0.063565499,0.000216813,15000US121270825061,15000US121270825061,70,1347.8,158311.7,179213,2.8,149,798,1501,HIGH,38607,0.701722885
4286,3574,12,127,81600,1,1.21E+11,Block Group 1,G5030,S,704098,0,29.2235022,-81.0365161,0.034511508,6.53E-05,15000US121270816001,15000US121270816001,36,1070.8,85316.6,99848,2.6,44,168,356,HIGH,30250,0.788458744
4941,4226,12,127,90303,1,1.21E+11,Block Group 1,G5030,S,27793162,1715163,29.1053914,-81.2635778,0.289269198,0.002734792,15000US121270903031,15000US121270903031,6,1574.9,201884.1,219605,3.1,117,296,672,LOW,46563,0.619148936
4445,3705,12,127,80400,2,1.21E+11,Block Group 2,G5030,S,762759,537132,29.3029986,-81.0476717,0.048606649,0.000120712,15000US121270804002,15000US121270804002,3,2351.1,420793.2,499732,3.3,73,105,195,LOW,72639,0.348510638
5232,4582,12,127,83008,3,1.21E+11,Block Group 3,G5030,S,1302816,226061,28.9989554,-80.9095975,0.048881123,0.000141564,15000US121270830083,15000US121270830083,35,1417.3,177412.2,207123,2.6,87,379,653,MED,28000,0.811811105
10028,9890,12,127,90202,3,1.21E+11,Block Group 3,G5030,S,4864915,31462,29.0532527,-81.311996,0.085171556,0.000453611,15000US121270902023,15000US121270902023,132,1826.2,193362.9,220305,3.1,101,171,565,HIGH,66250,0.414820965
5011,4298,12,127,82508,2,1.21E+11,Block Group 2,G5030,S,2769942,0,29.0989251,-81.0173898,0.083081171,0.000256725,15000US121270825082,15000US121270825082,14,1967.9,249128.1,293992,3.2,102,262,625,MED,73750,0.336979761
4944,4227,12,127,91001,3,1.21E+11,Block Group 3,G5030,S,22971114,159510,28.9993668,-81.2045995,0.221643591,0.002141908,15000US121270910013,15000US121270910013,0,1599.9,194805.4,223868,3,28,153,198,LOW,35357,0.735454074
1859,542,12,127,82410,1,1.21E+11,Block Group 1,G5030,S,3000138,0,29.1203652,-81.037284,0.091866545,0.000278115,15000US121270824101,15000US121270824101,19,1656.9,196907.5,225896,3.1,242,507,1230,MED,55625,0.525096004
4953,4233,12,127,83208,1,1.21E+11,Block Group 1,G5030,S,7381017,159731,29.0918953,-81.0387732,0.161335338,0.000698813,15000US121270832081,15000US121270832081,36,1969.4,248600.9,290947,3,533,1240,2633,HIGH,65199,0.425729113
4659,3929,12,127,81200,2,1.21E+11,Block Group 2,G5030,S,884436,793249,29.2370975,-81.0163448,0.052644785,0.000155696,15000US121270812002,15000US121270812002,131,955.5,104765,122054,1.6,255,598,830,HIGH,34417,0.745210171
11337,6115,12,127,82904,1,1.21E+11,Block Group 1,G5030,S,20804799,566344,29.0534925,-80.9909106,0.248845059,0.001979879,15000US121270829041,15000US121270829041,1,2084,262837.7,288678,2.8,349,840,1378,LOW,92931,0.137903477
1810,512,12,127,82100,5,1.21E+11,Block Group 5,G5030,S,490272,0,29.2009665,-81.034078,0.042133241,4.55E-05,15000US121270821005,15000US121270821005,51,1147.6,82202,95559,3.1,22,32,64,HIGH,20368,0.891022314
5006,4293,12,127,80902,4,1.21E+11,Block Group 4,G5030,S,526357,0,29.24024,-81.0453998,0.028067238,4.88E-05,15000US121270809024,15000US121270809024,11,1003.4,109810.9,122554,2.4,48,138,326,MED,33750,0.752132849
5057,4350,12,127,81500,1,1.21E+11,Block Group 1,G5030,S,1159132,279283,29.2239763,-81.0256998,0.055823607,0.000133474,15000US121270815001,15000US121270815001,86,1126.1,99090.2,117954,2.5,56,893,1594,HIGH,19775,0.897176959
4946,4228,12,127,80807,1,1.21E+11,Block Group 1,G5030,S,5819613,123404,29.3082311,-81.0848471,0.134437927,0.000551862,15000US121270808071,15000US121270808071,8,1509.5,128986.4,177554,2.5,111,174,242,LOW,34870,0.740508563
4956,4234,12,127,91015,1,1.21E+11,Block Group 1,G5030,S,3124428,46122,28.9097492,-81.2390072,0.088307458,0.000293327,15000US121270910151,15000US121270910151,0,1796.3,179158.1,199348,3.2,361,477,1167,LOW,43539,0.65053451
5010,4343,12,127,82607,1,1.21E+11,Block Group 1,G5030,S,505471,846470,29.1467197,-80.9671116,0.045474369,0.000125356,15000US121270826071,15000US121270826071,1,1100.4,216612.4,255658,1.5,346,211,278,LOW,41196,0.674852102
5017,4302,12,127,91018,1,1.21E+11,Block Group 1,G5030,S,2118406,151058,28.9025587,-81.2704983,0.083041494,0.000209947,15000US121270910181,15000US121270910181,0,1504.7,158145.7,176662,3,182,321,750,LOW,42647,0.659792423
4951,4232,12,127,90102,2,1.21E+11,Block Group 2,G5030,S,75343083,157480379,29.2714809,-81.5437064,0.718744919,0.021616509,15000US121270901022,15000US121270901022,0,1701.1,162258.6,194207,3.3,14,281,420,LOW,40250,0.684670472
5276,4560,12,127,91019,2,1.21E+11,Block Group 2,G5030,S,1222391,0,28.9396463,-81.1965482,0.060012384,0.000113123,15000US121270910192,15000US121270910192,0,1550.7,165848.6,175191,3.2,133,199,550,LOW,63558,0.442760768
4987,4295,12,127,81300,1,1.21E+11,Block Group 1,G5030,S,616252,570105,29.2090659,-81.0021827,0.045437251,0.000110069,15000US121270813001,15000US121270813001,16,1056.3,141700.8,164214,1.8,167,232,347,MED,49543,0.588220031
5059,4352,12,127,90805,3,1.21E+11,Block Group 3,G5030,S,2775843,0,28.9594866,-81.2932162,0.080356963,0.000256931,15000US121270908053,15000US121270908053,36,1539.7,174653.1,195321,2.9,140,300,728,HIGH,74167,0.33265179
5018,4303,12,127,91017,1,1.21E+11,Block Group 1,G5030,S,893377,0,28.8867183,-81.2474209,0.063489836,8.26E-05,15000US121270910171,15000US121270910171,0,1501.2,158921.8,174184,3,134,117,297,LOW,62893,0.449662688
4558,3825,12,127,81000,1,1.21E+11,Block Group 1,G5030,S,1227398,789690,29.254503,-81.0422637,0.084277195,0.000187227,15000US121270810001,15000US121270810001,68,1203.2,149235.6,163730,2.4,80,377,611,HIGH,29643,0.794758692
707,4578,12,127,82705,1,1.21E+11,Block Group 1,G5030,S,669474,0,29.003566,-80.8771663,0.036155283,6.20E-05,15000US121270827051,15000US121270827051,1,1156.7,295735.7,340982,1.9,378,166,139,LOW,49527,0.588386092
5021,4304,12,127,90803,2,1.21E+11,Block Group 2,G5030,S,2317548,0,28.9653903,-81.3050098,0.085710241,0.000214518,15000US121270908032,15000US121270908032,0,1300.9,158217.8,167893,2.9,208,232,572,LOW,68875,0.387576544
5022,4305,12,127,82703,1,1.21E+11,Block Group 1,G5030,S,937269,680646,29.0285622,-80.9096938,0.060757993,0.000149855,15000US121270827031,15000US121270827031,9,1251.5,270981.3,304047,2.2,302,470,547,LOW,65761,0.419896212
5100,4385,12,127,91022,3,1.21E+11,Block Group 3,G5030,S,1643780,0,28.9244216,-81.2517224,0.065194707,0.000152097,15000US121270910223,15000US121270910223,0,1625.4,168165.5,189770,2.9,225,393,957,LOW,53389,0.548303062
1797,499,12,127,81900,2,1.21E+11,Block Group 2,G5030,S,447869,0,29.2107324,-81.0386165,0.027619603,4.16E-05,15000US121270819002,15000US121270819002,8,1013.5,51343.9,62094,2.1,16,64,155,LOW,22308,0.87088739
4948,4238,12,127,90904,2,1.21E+11,Block Group 2,G5030,S,2202842,0,28.8751305,-81.3190781,0.061426766,0.000203732,15000US121270909042,15000US121270909042,0,1852.9,201203.2,234323,3.2,190,296,789,LOW,59006,0.490005189
7737,7313,12,127,81700,5,1.21E+11,Block Group 5,G5030,S,1037803,0,29.2164068,-81.0641414,0.042004529,9.63E-05,15000US121270817005,15000US121270817005,52,1083.5,95765.9,109205,2.9,42,94,237,HIGH,39402,0.693471718
5005,4292,12,127,80902,3,1.21E+11,Block Group 3,G5030,S,671329,0,29.2373597,-81.0522521,0.032043506,6.23E-05,15000US121270809023,15000US121270809023,6,1153.3,104745.5,119967,2.3,101,80,158,LOW,45735,0.627742605
6908,6344,12,127,90806,1,1.21E+11,Block Group 1,G5030,S,5015791,193452,28.9259645,-81.2788605,0.135362356,0.000481994,15000US121270908061,15000US121270908061,126,1194,123766.2,131783,2,86,895,1329,HIGH,37768,0.710430721
4876,4438,12,127,81102,2,1.21E+11,Block Group 2,G5030,S,918204,981031,29.2503494,-81.0211754,0.066916671,0.000176278,15000US121270811022,15000US121270811022,37,1393,206815.8,242609,2.5,150,610,967,HIGH,41458,0.672132849
10025,9906,12,127,90202,4,1.21E+11,Block Group 4,G5030,S,658577,0,29.0352238,-81.3223302,0.037541874,6.10E-05,15000US121270902024,15000US121270902024,4,1134,100501,111760,2.2,50,79,156,LOW,40774,0.679231967
6703,6106,12,127,91001,2,1.21E+11,Block Group 2,G5030,S,8383560,469143,28.9788265,-81.2327671,0.196347141,0.000819549,15000US121270910012,15000US121270910012,0,1631.4,211500.7,209387,2.9,143,563,1241,LOW,51000,0.57309808
6701,6107,12,127,91018,3,1.21E+11,Block Group 3,G5030,S,1377395,437914,28.8910615,-81.2678826,0.062970427,0.000167915,15000US121270910183,15000US121270910183,0,1340.1,145742.7,166492,2.8,149,94,228,LOW,42946,0.656689154
4592,3861,12,127,81000,4,1.21E+11,Block Group 4,G5030,S,856073,228260,29.2313047,-81.0307474,0.047443009,0.000100626,15000US121270810004,15000US121270810004,122,1675.5,238583,286684,2.4,232,876,592,HIGH,33508,0.754644525
6720,6113,12,127,82704,1,1.21E+11,Block Group 1,G5030,S,1468881,0,28.9858153,-80.8688447,0.076389646,0.000135993,15000US121270827041,15000US121270827041,0,1588.3,337007.6,411066,2.8,83,183,331,LOW,76250,0.311032693
5201,4489,12,127,82509,2,1.21E+11,Block Group 2,G5030,S,345020,0,29.0988381,-80.9982659,0.027835418,0.000031977,15000US121270825092,15000US121270825092,5,1539.5,191891.6,224149,3,53,24,69,LOW,64773,0.430150493
6729,6119,12,127,91029,2,1.21E+11,Block Group 2,G5030,S,4208489,188210,28.8523088,-81.182873,0.106237199,0.000406542,15000US121270910292,15000US121270910292,0,1618.6,172597.3,193854,3.2,95,233,613,LOW,44821,0.637228853
5023,4348,12,127,83008,2,1.21E+11,Block Group 2,G5030,S,863516,145145,28.9774857,-80.8969501,0.04797842,9.34E-05,15000US121270830082,15000US121270830082,37,1516,233294.7,256588,2.9,72,322,549,HIGH,30982,0.780861443
6731,6120,12,127,91025,1,1.21E+11,Block Group 1,G5030,S,2334679,134305,28.8992668,-81.1823763,0.074325278,0.000228401,15000US121270910251,15000US121270910251,0,1646.3,173310.8,184940,3.3,174,247,708,LOW,53371,0.548489881
5302,4585,12,127,990000,0,1.21E+11,Block Group 0,G5030,S,0,401529031,29.101646,-80.892602,1.605038409,0.037216037,15000US121279900000,15000US121279900000,0,1417.3,177412.2,207123,2.6,0,0,0,LOW,,
8221,7812,12,127,80804,1,1.21E+11,Block Group 1,G5030,S,11518458,6941,29.2519216,-81.0977805,0.190819994,0.001069707,15000US121270808041,15000US121270808041,143,2019.1,256410.8,296648,3.2,323,1222,2261,HIGH,49735,0.586227296
678,4436,12,127,81101,1,1.21E+11,Block Group 1,G5030,S,668840,371211,29.2604948,-81.029462,0.041029668,9.65E-05,15000US121270811011,15000US121270811011,10,1305.1,162946.2,187091,2.5,163,76,151,LOW,32417,0.765967826
5142,4437,12,127,81101,2,1.21E+11,Block Group 2,G5030,S,688528,714852,29.2628658,-81.0250771,0.046933047,0.000130269,15000US121270811012,15000US121270811012,35,995.6,184942,213713,1.7,462,0,0,MED,36250,0.726185781
6732,6121,12,127,91026,1,1.21E+11,Block Group 1,G5030,S,2975912,788208,28.8844141,-81.1944343,0.095408698,0.000348159,15000US121270910261,15000US121270910261,0,1611.7,170323.4,181220,3.1,332,470,1199,LOW,54550,0.536253243
6723,6140,12,127,82606,2,1.21E+11,Block Group 2,G5030,S,1878015,1661507,29.1112868,-80.9468451,0.076536797,0.000328081,15000US121270826062,15000US121270826062,0,1716.2,300510.3,362339,2.3,557,221,322,LOW,80750,0.264327971
6889,6333,12,127,83208,2,1.21E+11,Block Group 2,G5030,S,8711105,0,29.0626941,-81.0563244,0.144942376,0.000807085,15000US121270832082,15000US121270832082,0,2193.4,300686.6,354598,3.2,137,152,349,LOW,67278,0.404151531
4146,3491,12,127,80300,1,1.21E+11,Block Group 1,G5030,S,443915,226189,29.3322534,-81.0633475,0.039613418,0.000062245,15000US121270803001,15000US121270803001,0,1105.2,192277.1,229065,2.1,186,367,425,LOW,31117,0.779460301
1845,543,12,127,82410,2,1.21E+11,Block Group 2,G5030,S,1318452,0,29.1342794,-81.035562,0.056718337,0.000122238,15000US121270824102,15000US121270824102,45,1805.7,192354.9,225421,3.2,67,621,820,HIGH,41531,0.671375195
5241,4526,12,127,90902,2,1.21E+11,Block Group 2,G5030,S,6870971,158187,28.9005384,-81.2885569,0.109145967,0.000650259,15000US121270909022,15000US121270909022,45,2238.2,243099.6,278185,3.6,379,925,2290,HIGH,63036,0.448178516
6892,6334,12,127,83208,3,1.21E+11,Block Group 3,G5030,S,3441370,52504,29.0770049,-81.0404883,0.086286078,0.000323755,15000US121270832083,15000US121270832083,0,2614.1,509332.3,600824,3.2,201,462,801,LOW,106218,0
3599,2627,12,127,82201,1,1.21E+11,Block Group 1,G5030,S,443156,149834,29.2025964,-81.0161122,0.041255915,5.50E-05,15000US121270822011,15000US121270822011,26,1263.2,148672.9,175007,2,87,73,116,MED,22895,0.864795018
7759,7329,12,127,83005,1,1.21E+11,Block Group 1,G5030,S,3002835,18702,28.9575678,-80.8910687,0.087684849,0.000279661,15000US121270830051,15000US121270830051,56,1513.6,163918.4,186493,2.9,228,733,1545,HIGH,46938,0.615256876
5368,4641,12,127,82902,3,1.21E+11,Block Group 3,G5030,S,4247925,5159,29.0109878,-80.9322882,0.095329344,0.000393849,15000US121270829023,15000US121270829023,49,1341.4,167032.6,177546,2.5,39,500,1041,HIGH,27083,0.82132849
5226,4514,12,127,90203,2,1.21E+11,Block Group 2,G5030,S,4224114,0,29.1103133,-81.3505037,0.099018377,0.000391542,15000US121270902032,15000US121270902032,0,1889.5,221686.8,239150,3,64,269,786,LOW,50714,0.576066424
7684,7255,12,127,80901,1,1.21E+11,Block Group 1,G5030,S,1008202,33217,29.24871,-81.0618635,0.046701095,9.67E-05,15000US121270809011,15000US121270809011,34,1323.5,121201.5,136863,2.8,126,166,354,MED,26563,0.82672548
6904,6339,12,127,91001,1,1.21E+11,Block Group 1,G5030,S,7882054,49376,28.9591761,-81.237326,0.193164376,0.000734116,15000US121270910011,15000US121270910011,0,1913.3,187600.3,211238,3.6,294,669,1699,LOW,73503,0.339543332
5054,4346,12,127,82903,1,1.21E+11,Block Group 1,G5030,S,708105,0,29.0225705,-80.9313907,0.039055328,6.56E-05,15000US121270829031,15000US121270829031,24,1208,114039.6,133074,2.6,31,179,327,MED,30345,0.787472756
6905,6340,12,127,80807,3,1.21E+11,Block Group 3,G5030,S,2643021,26513,29.2946261,-81.0949678,0.08225634,0.00024788,15000US121270808073,15000US121270808073,9,2147.2,227012.6,261916,3.2,182,239,565,LOW,90306,0.165147898
4958,4239,12,127,90904,3,1.21E+11,Block Group 3,G5030,S,1168224,59213,28.8862728,-81.3183842,0.045960581,0.000113533,15000US121270909043,15000US121270909043,0,1394.1,158550.5,186847,2.7,100,143,329,LOW,57768,0.502854177
5056,4349,12,127,80901,3,1.21E+11,Block Group 3,G5030,S,1079603,0,29.2449253,-81.0527629,0.044848036,0.0001002,15000US121270809013,15000US121270809013,3,1135.1,108839.7,116981,2.5,53,460,583,LOW,29219,0.799159315
5060,4353,12,127,80202,1,1.21E+11,Block Group 1,G5030,S,1202473,694479,29.3515676,-81.068791,0.054676377,0.000176238,15000US121270802021,15000US121270802021,0,1406.4,216791.3,254742,2.5,301,579,859,LOW,41029,0.676585366
6906,6341,12,127,91017,2,1.21E+11,Block Group 2,G5030,S,2055493,0,28.8875248,-81.2544701,0.070956307,0.000190126,15000US121270910172,15000US121270910172,0,1402.3,147043.6,160380,2.8,184,240,582,LOW,50778,0.57540218
6910,6345,12,127,90902,1,1.21E+11,Block Group 1,G5030,S,8002188,661790,28.8563011,-81.309523,0.149154613,0.000801184,15000US121270909021,15000US121270909021,0,1425.1,163142.7,186480,2.8,225,440,1012,LOW,41167,0.675153088
5175,4466,12,127,82411,2,1.21E+11,Block Group 2,G5030,S,5076112,0,29.1441998,-81.060157,0.116032774,0.000470668,15000US121270824112,15000US121270824112,7,1913.9,203396,230992,2.8,160,98,166,LOW,42132,0.665137519
6917,6346,12,127,91028,2,1.21E+11,Block Group 2,G5030,S,3309723,133759,28.8767823,-81.2353994,0.086781692,0.000318477,15000US121270910282,15000US121270910282,0,1653.5,171110.4,197491,3.1,224,438,1130,LOW,50341,0.579937727
5055,4347,12,127,82903,3,1.21E+11,Block Group 3,G5030,S,980925,0,29.0219851,-80.9403933,0.037496411,9.08E-05,15000US121270829033,15000US121270829033,7,1217.2,132372.8,150670,2.5,37,124,274,LOW,40875,0.678183705
9770,9585,12,127,90500,1,1.21E+11,Block Group 1,G5030,S,956222,0,29.0256114,-81.3051389,0.063982143,8.86E-05,15000US121270905001,15000US121270905001,61,1238.3,120454.3,145810,2.7,21,136,202,HIGH,27154,0.820591593
6919,6347,12,127,91024,1,1.21E+11,Block Group 1,G5030,S,3173213,87919,28.9189535,-81.1795213,0.09286822,0.000301734,15000US121270910241,15000US121270910241,0,1493.1,158266.1,173107,3.1,326,601,1574,LOW,37453,0.713700052
6924,6352,12,127,90904,1,1.21E+11,Block Group 1,G5030,S,13109946,5765695,28.8748509,-81.3317062,0.222446195,0.001745606,15000US121270909041,15000US121270909041,0,2481.8,286848.2,330195,3.9,511,589,1288,LOW,80536,0.26654904
6927,6353,12,127,91018,2,1.21E+11,Block Group 2,G5030,S,2692022,32465,28.8721968,-81.2714997,0.107556602,0.000251971,15000US121270910182,15000US121270910182,0,1374.8,118653.9,133800,2.7,38,301,562,LOW,33571,0.753990659
6929,6354,12,127,91018,4,1.21E+11,Block Group 4,G5030,S,2955639,0,28.8746763,-81.25749,0.086394826,0.000273365,15000US121270910184,15000US121270910184,0,1649.8,170951.7,191344,3.3,193,253,637,LOW,46715,0.617571354
6930,6355,12,127,82607,2,1.21E+11,Block Group 2,G5030,S,1383117,1878745,29.1300425,-80.9589531,0.072310666,0.000302401,15000US121270826072,15000US121270826072,0,1609,346256.8,388966,2.5,202,427,668,LOW,49688,0.586715101
658,4297,12,127,82510,3,1.21E+11,Block Group 3,G5030,S,665469,153668,29.1123263,-80.9821198,0.043607689,7.59E-05,15000US121270825103,15000US121270825103,23,1547.2,196738.8,222072,2.9,43,23,52,MED,63056,0.447970939
6931,6357,12,127,82903,2,1.21E+11,Block Group 2,G5030,S,9316101,95177,29.0232937,-80.977501,0.181803213,0.000871634,15000US121270829032,15000US121270829032,8,1762.6,201648.3,233364,3.3,997,279,566,LOW,52891,0.553471718
5508,6112,12,127,82704,2,1.21E+11,Block Group 2,G5030,S,8034804,9646942,28.9612691,-80.8675931,0.274362673,0.001636757,15000US121270827042,15000US121270827042,0,1570.5,352694.1,404923,2.5,598,18,19,LOW,80486,0.267067981
5660,6337,12,127,83207,3,1.21E+11,Block Group 3,G5030,S,114646835,723161,29.0924618,-81.1516907,0.550024452,0.010692413,15000US121270832073,15000US121270832073,0,1368.7,155235.3,173340,2.9,50,327,753,LOW,49750,0.586071614
1800,506,12,127,82000,2,1.21E+11,Block Group 2,G5030,S,1116871,214970,29.2137962,-81.0253844,0.060067983,0.000123573,15000US121270820002,15000US121270820002,34,1116.9,84598.6,98914,3.3,7,99,162,MED,11742,0.980550078
6933,6359,12,127,91029,3,1.21E+11,Block Group 3,G5030,S,5285583,198895,28.8630739,-81.2269656,0.120875393,0.000507182,15000US121270910293,15000US121270910293,0,1355.4,136066.2,153476,2.6,294,303,749,LOW,47361,0.610866632
7162,6631,12,127,90903,2,1.21E+11,Block Group 2,G5030,S,3119018,69185,28.9008101,-81.3205444,0.100664868,0.000294928,15000US121270909032,15000US121270909032,0,2065.2,244127,277979,3.2,260,384,802,LOW,75551,0.318287494
1809,511,12,127,82100,4,1.21E+11,Block Group 4,G5030,S,621695,0,29.1914452,-81.0237375,0.039345061,5.77E-05,15000US121270821004,15000US121270821004,19,1139.4,95091.3,103558,2.9,38,44,104,MED,29107,0.800321744
1801,507,12,127,82000,3,1.21E+11,Block Group 3,G5030,S,787145,642877,29.2098877,-81.0156574,0.053394133,0.000132676,15000US121270820003,15000US121270820003,28,1105.4,138920.1,155600,0.3,7,169,186,MED,19417,0.900892579
9229,8978,12,127,90701,3,1.21E+11,Block Group 3,G5030,S,8725569,2823991,29.0019576,-81.3593098,0.166164236,0.001069444,15000US121270907013,15000US121270907013,3,1869.4,252297,271682,2.9,131,651,1116,LOW,31806,0.772309289
5209,4493,12,127,83006,2,1.21E+11,Block Group 2,G5030,S,1743230,43934,28.9628588,-80.9073555,0.051910761,0.000165423,15000US121270830062,15000US121270830062,28,1481.9,163884.6,177555,2.8,227,719,1660,MED,48768,0.596263622
5102,4388,12,127,82705,3,1.21E+11,Block Group 3,G5030,S,640329,1529882,29.0081369,-80.8804994,0.081640829,0.000200948,15000US121270827053,15000US121270827053,16,1211.3,285287.3,343912,2.3,159,86,88,MED,78214,0.290648677
4695,3951,12,127,80600,2,1.21E+11,Block Group 2,G5030,S,2208416,683387,29.2854485,-81.0601919,0.077721145,0.000268496,15000US121270806002,15000US121270806002,40,1429.1,202074.1,227820,2.7,80,747,1394,HIGH,43565,0.65026466
9808,9632,12,127,91013,1,1.21E+11,Block Group 1,G5030,S,2173585,489392,28.8959513,-81.2187127,0.0672865,0.000246337,15000US121270910131,15000US121270910131,0,1257.7,141341,157563,2.7,250,405,795,LOW,42112,0.665345096
4959,4240,12,127,92500,1,1.21E+11,Block Group 1,G5030,S,12351500,190597,29.1800981,-81.0573597,0.135258775,0.001163289,15000US121270925001,15000US121270925001,24,1394.1,158550.5,186847,2.7,0,1,1,MED,26670,0.825614946
5207,4491,12,127,83005,2,1.21E+11,Block Group 2,G5030,S,2012335,230686,28.9551054,-80.8843359,0.090201036,0.000207605,15000US121270830052,15000US121270830052,4,1624.7,273380.5,306656,2.6,78,779,1193,LOW,53417,0.548012455
1805,524,12,127,82404,1,1.21E+11,Block Group 1,G5030,S,661929,0,29.1767281,-81.0118908,0.034977593,6.14E-05,15000US121270824041,15000US121270824041,3,1288.1,141262.2,159989,2.9,94,286,638,LOW,40078,0.686455631
5335,4615,12,127,91028,1,1.21E+11,Block Group 1,G5030,S,1014692,0,28.8857093,-81.231622,0.040133613,9.39E-05,15000US121270910281,15000US121270910281,0,1422.5,150925,162799,2.9,199,390,985,LOW,37029,0.718100675
7747,7323,12,127,81700,1,1.21E+11,Block Group 1,G5030,S,1079004,0,29.2323385,-81.0593432,0.040628912,0.000100132,15000US121270817001,15000US121270817001,17,1090.1,93433.6,109149,2.5,72,310,527,MED,28179,0.809953295
5258,4545,12,127,91023,2,1.21E+11,Block Group 2,G5030,S,1021967,0,28.9164693,-81.2497672,0.05336162,9.46E-05,15000US121270910232,15000US121270910232,0,1563.9,161992.1,181115,2.9,153,305,729,LOW,44891,0.636502335
5265,4550,12,127,90304,1,1.21E+11,Block Group 1,G5030,S,6311123,1089742,29.04742,-81.2732757,0.111676225,0.000685559,15000US121270903041,15000US121270903041,4,1649.8,179431.1,200086,3.1,188,226,540,LOW,53304,0.549185262
8220,7815,12,127,82405,1,1.21E+11,Block Group 1,G5030,S,782838,0,29.1655415,-81.0060254,0.040206935,7.26E-05,15000US121270824051,15000US121270824051,12,1217,136062.3,152756,2.6,103,195,413,MED,40357,0.683559938
5339,4618,12,127,91016,1,1.21E+11,Block Group 1,G5030,S,1341448,59099,28.9004273,-81.2495929,0.049533077,0.000129562,15000US121270910161,15000US121270910161,0,1186.2,129740,142478,2.5,241,467,1004,LOW,45547,0.629693825
4717,3967,12,127,80803,3,1.21E+11,Block Group 3,G5030,S,790744,0,29.2646202,-81.0586367,0.035747111,7.34E-05,15000US121270808033,15000US121270808033,5,1402.4,166513.9,189959,2.9,59,48,99,LOW,65096,0.426798132
5135,4469,12,127,82509,1,1.21E+11,Block Group 1,G5030,S,414039,0,29.1027997,-80.9955559,0.028261436,3.84E-05,15000US121270825091,15000US121270825091,13,1444,173673.2,199720,3.1,46,72,156,MED,67188,0.405085625
4739,3991,12,127,80805,2,1.21E+11,Block Group 2,G5030,S,852032,0,29.2532208,-81.0746458,0.044862488,7.91E-05,15000US121270808052,15000US121270808052,0,1170.3,125522.3,137103,2.8,74,209,460,LOW,30956,0.781131292
693,4581,12,127,83008,1,1.21E+11,Block Group 1,G5030,S,1474021,216668,28.9807574,-80.90462,0.068600948,0.000156527,15000US121270830081,15000US121270830081,32,1266.1,175474.2,191400,2.4,72,430,636,MED,37026,0.718131811
5020,4344,12,127,82802,1,1.21E+11,Block Group 1,G5030,S,1461907,336960,29.0133209,-80.9175793,0.055896835,0.000166587,15000US121270828021,15000US121270828021,11,1849.8,423380.2,473220,2.9,99,584,961,MED,31780,0.772579139
5227,4515,12,127,90307,3,1.21E+11,Block Group 3,G5030,S,1755063,0,28.99254,-81.2957438,0.053745284,0.000162499,15000US121270903073,15000US121270903073,0,2281.4,242698.6,277361,3.5,249,68,155,LOW,71413,0.36123508
5243,4527,12,127,91025,2,1.21E+11,Block Group 2,G5030,S,2647849,0,28.8890639,-81.1718669,0.06580166,0.000244921,15000US121270910252,15000US121270910252,0,1505,163504.5,169743,3.2,198,230,637,LOW,41875,0.667804878
1831,534,12,127,82405,3,1.21E+11,Block Group 3,G5030,S,945904,86353,29.1639176,-81.0198538,0.039376851,9.57E-05,15000US121270824053,15000US121270824053,13,1593.5,156445.4,175424,2.8,63,158,235,MED,41953,0.66699533
5355,4633,12,127,91016,2,1.21E+11,Block Group 2,G5030,S,1065974,88902,28.9041576,-81.2573074,0.046473144,0.000106839,15000US121270910162,15000US121270910162,0,1263.7,138832.8,149335,2.6,175,213,465,LOW,58209,0.498277115
1824,526,12,127,82405,2,1.21E+11,Block Group 2,G5030,S,377542,14862,29.1627557,-81.0098996,0.028126545,0.000036391,15000US121270824052,15000US121270824052,8,1445.4,160577.7,182158,3,52,30,70,LOW,39911,0.688188895
1796,498,12,127,81900,1,1.21E+11,Block Group 1,G5030,S,940684,0,29.2156564,-81.0361286,0.047434265,8.73E-05,15000US121270819001,15000US121270819001,32,1065.4,78184.8,84711,2.8,38,39,79,MED,29348,0.797820446
5106,4391,12,127,82415,1,1.21E+11,Block Group 1,G5030,S,1658161,0,29.1667148,-81.0327673,0.059461387,0.000153781,15000US121270824151,15000US121270824151,15,1405.3,141032.4,154225,2.7,64,825,1154,MED,32778,0.762221069
1818,518,12,127,82301,2,1.21E+11,Block Group 2,G5030,S,699325,0,29.208288,-81.0636993,0.032851161,6.49E-05,15000US121270823012,15000US121270823012,17,1294.6,114539.2,131908,2.9,12,155,345,MED,25989,0.832682927
1808,523,12,127,82401,1,1.21E+11,Block Group 1,G5030,S,889223,953840,29.1770538,-81.0020569,0.053698694,0.00017095,15000US121270824011,15000US121270824011,45,1475.4,217071.8,255252,2.6,61,381,571,HIGH,33145,0.758412039
4559,3826,12,127,81000,2,1.21E+11,Block Group 2,G5030,S,455440,0,29.2502373,-81.0408965,0.0258286,4.23E-05,15000US121270810002,15000US121270810002,11,1144.7,125484.5,138536,2.5,67,270,428,MED,29531,0.795921121
1798,500,12,127,82000,1,1.21E+11,Block Group 1,G5030,S,621517,0,29.2062508,-81.0358563,0.031903082,5.77E-05,15000US121270820001,15000US121270820001,29,1273.1,88901.6,98982,3,22,86,120,MED,30882,0.781899325
5365,4640,12,127,82902,1,1.21E+11,Block Group 1,G5030,S,7283900,3662,28.9944695,-80.9472888,0.119508244,0.000674747,15000US121270829021,15000US121270829021,1,1891,268185.4,282923,3,98,300,640,LOW,58059,0.499833939
6696,6096,12,127,82904,2,1.21E+11,Block Group 2,G5030,S,3804664,56495,29.0366153,-80.9481925,0.103297928,0.000357648,15000US121270829042,15000US121270829042,2,1521.5,174693.3,202133,2.5,269,623,899,LOW,51008,0.573015049
581,4236,12,127,80902,1,1.21E+11,Block Group 1,G5030,S,712413,0,29.232455,-81.0411291,0.033483962,6.61E-05,15000US121270809021,15000US121270809021,18,1088.2,107239.2,123875,2.8,71,175,325,MED,20446,0.890212766
5279,4562,12,127,82701,1,1.21E+11,Block Group 1,G5030,S,4840890,4327937,29.0606472,-80.9240866,0.176213801,0.000849522,15000US121270827011,15000US121270827011,7,1924.9,580726.7,660988,2.7,281,314,388,LOW,77083,0.30238713
5280,4563,12,127,90903,1,1.21E+11,Block Group 1,G5030,S,2127474,0,28.9062782,-81.3123311,0.071020081,0.000196819,15000US121270909031,15000US121270909031,0,2166.8,254833.9,293351,3.2,224,447,662,LOW,47443,0.610015568
6697,6097,12,127,90203,1,1.21E+11,Block Group 1,G5030,S,19813099,965551,29.1150233,-81.320905,0.199344684,0.001926125,15000US121270902031,15000US121270902031,0,1716,197051.1,215767,3.2,139,531,760,LOW,37444,0.713793461
1907,602,12,127,90804,2,1.21E+11,Block Group 2,G5030,S,3974527,0,28.9305286,-81.3216281,0.105314122,0.000367779,15000US121270908042,15000US121270908042,2,1368.5,163784,175549,3,100,367,946,LOW,52115,0.561525688
5260,4547,12,127,83208,4,1.21E+11,Block Group 4,G5030,S,7260542,198443,29.0602477,-81.0163078,0.115185954,0.000691058,15000US121270832084,15000US121270832084,26,2209,281504.1,325011,3.4,509,713,1798,MED,94402,0.122636222
4319,3575,12,127,81600,2,1.21E+11,Block Group 2,G5030,S,828107,0,29.2208676,-81.0436047,0.037092118,7.68E-05,15000US121270816002,15000US121270816002,45,1160.2,84982,95122,2.7,49,289,554,HIGH,35433,0.734665283
5147,4442,12,127,82412,1,1.21E+11,Block Group 1,G5030,S,1463865,0,29.16281,-81.0431837,0.052058647,0.000135757,15000US121270824121,15000US121270824121,37,1251.4,125949.7,144409,2.3,219,649,1086,HIGH,36295,0.725718734
6705,6109,12,127,83009,1,1.21E+11,Block Group 1,G5030,S,11574534,138564,28.980108,-80.9208935,0.145061437,0.001084355,15000US121270830091,15000US121270830091,72,1435.6,170317.3,183483,2.8,315,1213,2727,HIGH,52139,0.561276596
6699,6098,12,127,91024,2,1.21E+11,Block Group 2,G5030,S,14947590,104235,28.9089162,-81.1587709,0.179458178,0.001392471,15000US121270910242,15000US121270910242,0,1597.9,182046.5,201022,3.2,433,839,2257,LOW,55938,0.521847431
4742,3992,12,127,80805,3,1.21E+11,Block Group 3,G5030,S,1699463,0,29.2403614,-81.0686541,0.052205655,0.000157722,15000US121270808053,15000US121270808053,17,1207.1,121862,134615,3,158,589,1374,MED,45848,0.626569798
5357,4635,12,127,90304,2,1.21E+11,Block Group 2,G5030,S,1059817,0,29.0487944,-81.2999418,0.040316051,9.82E-05,15000US121270903042,15000US121270903042,21,1163.8,121449.1,133255,2.5,84,250,558,MED,36563,0.722937208
5372,4643,12,127,90702,1,1.21E+11,Block Group 1,G5030,S,1351492,0,29.0063139,-81.3068607,0.046098387,0.000125149,15000US121270907021,15000US121270907021,26,1144.9,117823,133210,2.8,30,570,1124,MED,26563,0.82672548
6689,6099,12,127,91021,1,1.21E+11,Block Group 1,G5030,S,10157143,787249,28.9739741,-81.1988191,0.158119988,0.001013055,15000US121270910211,15000US121270910211,0,1601.9,180477.6,179334,3.2,204,241,640,LOW,52024,0.562470161
4716,3966,12,127,80803,2,1.21E+11,Block Group 2,G5030,S,1866658,0,29.2596321,-81.0679686,0.058932447,0.000173271,15000US121270808032,15000US121270808032,10,1390.4,165683,191209,2.9,141,245,545,LOW,45417,0.631043072
4955,4341,12,127,82604,2,1.21E+11,Block Group 2,G5030,S,813974,908936,29.194319,-80.9927291,0.053921363,0.000159826,15000US121270826042,15000US121270826042,10,1453.5,258737.9,296685,2.1,262,294,427,LOW,44293,0.642708874
4960,4241,12,127,92500,2,1.21E+11,Block Group 2,G5030,S,2299948,0,29.1942632,-81.042595,0.060659131,0.000213358,15000US121270925002,15000US121270925002,37,1338.6,133294.9,144291,2.9,76,358,679,HIGH,48350,0.600601972
4945,4237,12,127,90304,3,1.21E+11,Block Group 3,G5030,S,1769853,110665,29.0489157,-81.2873721,0.053667114,0.000174207,15000US121270903043,15000US121270903043,12,1462.6,161069.1,178193,2.8,177,530,1177,MED,61042,0.468873897
2109,879,12,127,80100,2,1.21E+11,Block Group 2,G5030,S,15162360,459639,29.300909,-81.1131441,0.18468068,0.001450669,15000US121270801002,15000US121270801002,2,2269.7,288063.7,332200,3.6,222,975,1737,LOW,46940,0.615236118
4714,3965,12,127,80803,1,1.21E+11,Block Group 1,G5030,S,912853,0,29.2720151,-81.0783152,0.046550247,8.47E-05,15000US121270808031,15000US121270808031,14,1787.1,188206.4,224930,2.9,87,86,189,MED,39295,0.694582252
4923,4216,12,127,80902,2,1.21E+11,Block Group 2,G5030,S,829083,0,29.2296398,-81.0477418,0.047110053,7.69E-05,15000US121270809022,15000US121270809022,8,1189.1,113670.6,132672,2.7,57,6,11,LOW,46165,0.623279709
574,4513,12,127,83006,3,1.21E+11,Block Group 3,G5030,S,953979,0,28.9493358,-80.911969,0.043014663,8.83E-05,15000US121270830063,15000US121270830063,12,1491,170551.5,179228,2.9,141,328,775,MED,57443,0.506227296
6690,6100,12,127,82902,2,1.21E+11,Block Group 2,G5030,S,12793137,44270,28.9828255,-80.9620496,0.222322614,0.001188516,15000US121270829022,15000US121270829022,25,1741.7,212195.7,237713,2.9,206,813,1481,MED,47534,0.609071095
3595,2609,12,127,83003,1,1.21E+11,Block Group 1,G5030,S,12150429,686023,28.9271757,-80.879423,0.146462671,0.001187692,15000US121270830031,15000US121270830031,1,1818,227741.2,252371,3.2,189,1256,1826,LOW,34139,0.748095485
70,509,12,127,82100,2,1.21E+11,Block Group 2,G5030,S,637788,0,29.1976625,-81.0301358,0.036163057,5.92E-05,15000US121270821002,15000US121270821002,48,1122.5,93431.3,103205,3,22,69,175,HIGH,9868,1
4658,3928,12,127,81200,1,1.21E+11,Block Group 1,G5030,S,595650,561717,29.223209,-81.0087616,0.048365239,0.000107394,15000US121270812001,15000US121270812001,75,696.2,80222.6,89468,1.1,226,469,593,HIGH,32435,0.765781007
4656,3919,12,127,80500,1,1.21E+11,Block Group 1,G5030,S,731111,883606,29.282795,-81.040021,0.062503241,0.000149918,15000US121270805001,15000US121270805001,6,1954.8,334283,398097,2.9,66,226,402,LOW,33696,0.752693306
4229,3492,12,127,81300,2,1.21E+11,Block Group 2,G5030,S,736915,727392,29.2160257,-81.0067944,0.05112031,0.000135867,15000US121270813002,15000US121270813002,38,843,110204.3,122510,1.4,189,592,913,HIGH,35000,0.739159315
11406,6335,12,127,83209,2,1.21E+11,Block Group 2,G5030,S,113687609,324241,28.996789,-81.1111959,0.458793194,0.010555247,15000US121270832092,15000US121270832092,0,2147.3,325160.5,377813,3.1,46,39,86,LOW,48201,0.602148417
3597,2610,12,127,91013,3,1.21E+11,Block Group 3,G5030,S,4775064,1017262,28.8681788,-81.2082922,0.121839389,0.000535706,15000US121270910133,15000US121270910133,0,1828.4,194500.8,214562,3.3,175,217,534,LOW,48616,0.597841204
1786,486,12,127,82506,2,1.21E+11,Block Group 2,G5030,S,2484564,0,29.1275818,-81.0162839,0.064057855,0.000230338,15000US121270825062,15000US121270825062,74,1498,177244.6,201475,2.7,79,189,400,HIGH,34392,0.745469642
9166,8903,12,127,90701,1,1.21E+11,Block Group 1,G5030,S,3127735,0,29.0201656,-81.3423634,0.068444914,0.000289668,15000US121270907011,15000US121270907011,0,1814.2,202459.4,224603,3.2,143,72,155,LOW,66500,0.412226258
3908,4220,12,127,80700,3,1.21E+11,Block Group 3,G5030,S,4766170,6063520,29.3373661,-81.0726456,0.240944591,0.001005989,15000US121270807003,15000US121270807003,3,1947.8,246069,283552,3,155,312,681,LOW,66429,0.412963155
4177,3430,12,127,81200,3,1.21E+11,Block Group 3,G5030,S,731895,719734,29.2297532,-81.0127054,0.050755769,0.000134707,15000US121270812003,15000US121270812003,90,1014.5,134029.4,154877,1.9,154,429,516,HIGH,25951,0.833077322
9810,9633,12,127,91013,2,1.21E+11,Block Group 2,G5030,S,7381447,1566717,28.8652628,-81.1810461,0.123697603,0.000827509,15000US121270910132,15000US121270910132,0,1579.6,172755.2,186552,3.1,213,498,1365,LOW,45053,0.634820965
9813,9634,12,127,80100,1,1.21E+11,Block Group 1,G5030,S,48819950,4730559,29.3859396,-81.1115721,0.311151337,0.004976453,15000US121270801001,15000US121270801001,2,2067,267024.9,292837,3,1087,1362,2410,LOW,66699,0.410160872
5101,4387,12,127,90803,1,1.21E+11,Block Group 1,G5030,S,17493445,979063,28.9308989,-81.3413907,0.233252169,0.001709162,15000US121270908031,15000US121270908031,3,1729,204020.1,206387,3.2,89,217,403,LOW,60523,0.474260509
5150,4444,12,127,90805,2,1.21E+11,Block Group 2,G5030,S,6266135,29964,28.9522827,-81.2812174,0.127482664,0.000582732,15000US121270908052,15000US121270908052,8,1967.2,231803.3,249567,3.3,45,567,838,LOW,40444,0.68265698
4936,4223,12,127,90307,2,1.21E+11,Block Group 2,G5030,S,4617550,0,29.0064486,-81.2883087,0.086885026,0.000427589,15000US121270903072,15000US121270903072,31,2283.1,238715.6,265691,3.5,277,603,1190,MED,43482,0.651126103
5356,4634,12,127,91016,3,1.21E+11,Block Group 3,G5030,S,1693354,8887,28.8943831,-81.2378787,0.05004989,0.000157459,15000US121270910163,15000US121270910163,0,1518.6,160708.6,170244,2.9,205,388,926,LOW,49321,0.590524131
4947,4229,12,127,82802,2,1.21E+11,Block Group 2,G5030,S,10570821,1410423,29.0472439,-80.9281412,0.169647692,0.001109905,15000US121270828022,15000US121270828022,31,1607.9,359123,419506,2.5,409,997,1477,MED,46378,0.621069019
6695,6095,12,127,82605,2,1.21E+11,Block Group 2,G5030,S,1125237,1749169,29.1697034,-80.9818431,0.067590407,0.000266588,15000US121270826052,15000US121270826052,1,1520.1,252562.5,293001,2.2,625,861,1165,LOW,51250,0.570503373
1793,496,12,127,81800,2,1.21E+11,Block Group 2,G5030,S,1635712,0,29.2074124,-81.0540818,0.053189754,0.000151758,15000US121270818002,15000US121270818002,43,1160.3,88764.8,101761,2.7,70,363,852,HIGH,33621,0.753471718
1906,601,12,127,90804,3,1.21E+11,Block Group 3,G5030,S,3599005,0,28.9532107,-81.3071567,0.07364826,0.000333102,15000US121270908043,15000US121270908043,21,1325,147326.1,166587,2.8,253,905,1985,MED,44631,0.63920083
2096,882,12,127,81800,1,1.21E+11,Block Group 1,G5030,S,645323,0,29.21424,-81.0489015,0.031771608,5.99E-05,15000US121270818001,15000US121270818001,6,1298,109122.1,115964,2.9,28,147,383,LOW,32045,0.769828749
4950,4231,12,127,82508,1,1.21E+11,Block Group 1,G5030,S,3810764,0,29.0924801,-81.001495,0.112416731,0.000353168,15000US121270825081,15000US121270825081,18,2149.4,279804.1,327043,3.4,192,378,955,MED,70871,0.366860405
5205,4490,12,127,82509,3,1.21E+11,Block Group 3,G5030,S,8601462,2475066,29.0944321,-80.9784927,0.165277777,0.001026557,15000US121270825093,15000US121270825093,17,1851.4,223429.3,256245,3.1,247,527,1161,MED,67558,0.401245459
5261,4548,12,127,83207,2,1.21E+11,Block Group 2,G5030,S,46636535,0,29.0579993,-81.1055662,0.307657811,0.00432067,15000US121270832072,15000US121270832072,0,2681.6,387156.4,432616,3.5,49,138,316,LOW,99821,0.066393358
5374,4644,12,127,90702,2,1.21E+11,Block Group 2,G5030,S,1057824,0,29.008332,-81.3153096,0.045641297,9.80E-05,15000US121270907022,15000US121270907022,9,929.3,84151.6,92592,2.8,50,88,206,LOW,22206,0.87194603
5263,4549,12,127,83205,1,1.21E+11,Block Group 1,G5030,S,40149141,0,29.2224876,-81.1385532,0.327172228,0.003725508,15000US121270832051,15000US121270832051,12,1975.9,289999,359864,2.5,1413,126,347,MED,92708,0.140217955
1816,516,12,127,82201,3,1.21E+11,Block Group 3,G5030,S,1217504,749122,29.1928331,-81.0076171,0.056994371,0.000182435,15000US121270822013,15000US121270822013,68,925.8,72825.1,83026,1.9,54,1119,1825,HIGH,13398,0.96336274
6170,5438,12,127,82705,2,1.21E+11,Block Group 2,G5030,S,7276221,2917417,29.0106772,-80.9034663,0.143189432,0.00094396,15000US121270827052,15000US121270827052,11,1432.6,275537.8,308419,2.3,216,10,17,MED,65714,0.420384017
6706,6108,12,127,83203,1,1.21E+11,Block Group 1,G5030,S,20865530,164529,29.3051231,-81.1427182,0.239604738,0.001952832,15000US121270832031,15000US121270832031,28,2168.4,258607.9,294579,3.3,492,1128,2722,MED,69819,0.377778931
6711,6110,12,127,80806,1,1.21E+11,Block Group 1,G5030,S,2960339,62737,29.273276,-81.1036955,0.097740935,0.000280647,15000US121270808061,15000US121270808061,11,2037.8,219454.7,255400,3.1,195,423,938,MED,59545,0.484411002
6722,6114,12,127,82801,1,1.21E+11,Block Group 1,G5030,S,8655584,2842438,29.0715521,-80.9621761,0.146043966,0.001065381,15000US121270828011,15000US121270828011,29,1602.5,214403.4,244207,2.7,251,630,1178,MED,50030,0.583165542
6724,6116,12,127,83007,1,1.21E+11,Block Group 1,G5030,S,22562699,34576,28.928813,-80.9190802,0.220460862,0.002091054,15000US121270830071,15000US121270830071,28,1498.2,170049.9,186321,3,294,261,658,MED,59422,0.485687597
6727,6117,12,127,90306,1,1.21E+11,Block Group 1,G5030,S,22965922,171483,28.9935344,-81.2666921,0.240959788,0.00214221,15000US121270903061,15000US121270903061,14,2139.8,256775.9,297064,3.1,2041,1181,2400,MED,69516,0.380923716
4927,4215,12,127,80400,4,1.21E+11,Block Group 4,G5030,S,1299376,583989,29.3116443,-81.0530777,0.055881384,0.00017491,15000US121270804004,15000US121270804004,7,1990.3,332358.5,387152,3,165,495,983,LOW,60417,0.475360664
6902,6338,12,127,83205,2,1.21E+11,Block Group 2,G5030,S,17757589,0,29.1833892,-81.1047512,0.199226772,0.001647135,15000US121270832052,15000US121270832052,15,1942.4,237310.9,264197,3.1,437,423,817,MED,66600,0.411188376
6921,6350,12,127,90303,2,1.21E+11,Block Group 2,G5030,S,9828806,154673,29.0726145,-81.2856935,0.130388422,0.000925057,15000US121270903032,15000US121270903032,12,1417.5,173279.2,195274,2.8,19,231,344,MED,30583,0.785002595
942,6342,12,127,90803,3,1.21E+11,Block Group 3,G5030,S,16926292,1689900,28.9643693,-81.3399814,0.248324188,0.001723228,15000US121270908033,15000US121270908033,0,1556.5,203242.4,211531,3,187,381,949,LOW,42600,0.660280228
5240,4525,12,127,90804,1,1.21E+11,Block Group 1,G5030,S,5300448,0,28.9276619,-81.3076211,0.100912529,0.00049046,15000US121270908041,15000US121270908041,9,1560.1,179114.1,205955,3.2,175,785,1672,LOW,40015,0.687109497
4864,4340,12,127,82604,1,1.21E+11,Block Group 1,G5030,S,583638,654364,29.2013083,-80.9991707,0.051491803,0.000114853,15000US121270826041,15000US121270826041,4,1568.6,282508.4,322755,2.6,98,223,389,LOW,74476,0.329444733
10031,9889,12,127,90202,2,1.21E+11,Block Group 2,G5030,S,3302051,62001,29.0752201,-81.3159617,0.077047117,0.00031171,15000US121270902022,15000US121270902022,20,1866.3,203753.8,228032,3,123,269,513,MED,55020,0.531375195
6715,6111,12,127,82510,1,1.21E+11,Block Group 1,G5030,S,1793159,1149672,29.1182786,-80.9679197,0.073060476,0.000272794,15000US121270825101,15000US121270825101,2,1365.6,214917.1,254258,2.5,81,431,744,LOW,45278,0.632485729
1823,525,12,127,82404,2,1.21E+11,Block Group 2,G5030,S,1396807,0,29.1730292,-81.0203152,0.050285684,0.00012955,15000US121270824042,15000US121270824042,9,1294.3,137762.2,161373,2.6,90,339,573,LOW,30853,0.782200311
4710,3963,12,127,80700,1,1.21E+11,Block Group 1,G5030,S,1336008,722927,29.3069633,-81.0664743,0.077751123,0.000191204,15000US121270807001,15000US121270807001,8,1877.4,256062.8,291701,3.1,158,361,811,LOW,51921,0.56353918
6913,6356,12,127,91022,2,1.21E+11,Block Group 2,G5030,S,8956848,0,28.9370483,-81.2423118,0.129096244,0.000828866,15000US121270910222,15000US121270910222,0,1792.5,181715.4,202574,3.1,318,1046,2913,LOW,65208,0.425635703
6922,6351,12,127,80201,1,1.21E+11,Block Group 1,G5030,S,1117776,674397,29.3663543,-81.0777768,0.055054887,0.000166527,15000US121270802011,15000US121270802011,0,1526.1,246606.8,287504,2.6,317,814,1032,LOW,52500,0.557529839
7756,7325,12,127,81700,3,1.21E+11,Block Group 3,G5030,S,515104,0,29.2222117,-81.0642985,0.032659674,0.000047797,15000US121270817003,15000US121270817003,31,1229.6,102838.9,117480,3.1,74,42,86,MED,38625,0.701536066
1817,517,12,127,82202,1,1.21E+11,Block Group 1,G5030,S,2098850,0,29.1840667,-81.0215248,0.05786429,0.000194683,15000US121270822021,15000US121270822021,98,1518.2,158641.6,181335,2.9,168,545,1122,HIGH,63125,0.4472548
4961,4242,12,127,92500,3,1.21E+11,Block Group 3,G5030,S,1906356,0,29.1801988,-81.0356893,0.051274724,0.000176822,15000US121270925003,15000US121270925003,81,1271,123133.6,145467,2.8,45,371,654,HIGH,25850,0.834125584
2006,743,12,127,90806,2,1.21E+11,Block Group 2,G5030,S,3741615,0,28.9317859,-81.2909004,0.097648154,0.000346231,15000US121270908062,15000US121270908062,57,1773.8,200698.7,232816,3.2,342,327,674,HIGH,37875,0.709320187
5107,4392,12,127,82401,2,1.21E+11,Block Group 2,G5030,S,1736458,2061492,29.1652584,-80.9978021,0.081661166,0.000352215,15000US121270824012,15000US121270824012,47,1315.4,160255.2,182298,2.2,227,552,858,HIGH,32721,0.762812662
5083,4386,12,127,80201,2,1.21E+11,Block Group 2,G5030,S,3599916,2662040,29.3978683,-81.0912723,0.136601167,0.000581938,15000US121270802012,15000US121270802012,0,1814.8,284714.3,316899,2.7,211,654,940,LOW,54755,0.534125584
4991,4342,12,127,82604,3,1.21E+11,Block Group 3,G5030,S,684627,881039,29.1848591,-80.9890614,0.050728092,0.000145227,15000US121270826043,15000US121270826043,3,1660.9,284864.2,338034,2.5,216,269,357,LOW,50625,0.57699014
7686,7315,12,127,82503,2,1.21E+11,Block Group 2,G5030,S,1380909,0,29.1368279,-81.0027243,0.051713379,0.000128032,15000US121270825032,15000US121270825032,21,1489.7,159282.3,185531,2.6,55,334,755,MED,29679,0.794385054
5259,4546,12,127,91022,1,1.21E+11,Block Group 1,G5030,S,982623,0,28.9238326,-81.2629539,0.040153855,9.09E-05,15000US121270910221,15000US121270910221,0,1598.3,163709.9,182319,3,119,228,587,LOW,42361,0.662760768
9170,8904,12,127,90701,2,1.21E+11,Block Group 2,G5030,S,6383647,0,29.0005352,-81.3341156,0.10204615,0.000591097,15000US121270907012,15000US121270907012,3,1663.9,220528.2,239775,3.1,100,93,228,LOW,58238,0.497976129
5171,4468,12,127,82511,1,1.21E+11,Block Group 1,G5030,S,1588836,1421331,29.1403038,-80.9813523,0.074251846,0.000279106,15000US121270825111,15000US121270825111,43,1285.1,164360.7,184254,2.5,55,637,1084,HIGH,28750,0.804026985
9162,8901,12,127,90600,4,1.21E+11,Block Group 4,G5030,S,1019577,0,29.0195156,-81.3110737,0.041905679,0.000094425,15000US121270906004,15000US121270906004,23,1096,101205.8,113083,2.7,53,198,437,MED,19727,0.897675143
5248,4532,12,127,91019,1,1.21E+11,Block Group 1,G5030,S,2090206,231675,28.9385166,-81.206428,0.084957533,0.000214863,15000US121270910191,15000US121270910191,0,1139.2,118040.2,135095,2.6,189,449,956,LOW,38214,0.705801764
5277,4561,12,127,82606,1,1.21E+11,Block Group 1,G5030,S,3513483,3102269,29.0863694,-80.9306141,0.120631409,0.000613062,15000US121270826061,15000US121270826061,0,2013.1,445415.4,498215,2.7,228,589,975,LOW,85069,0.219501816
5354,4632,12,127,90902,5,1.21E+11,Block Group 5,G5030,S,1606751,45942,28.8851836,-81.2846616,0.052826312,0.000152866,15000US121270909025,15000US121270909025,0,1562.4,177444.7,204268,2.9,111,129,281,LOW,59097,0.489060716
9767,9583,12,127,90400,3,1.21E+11,Block Group 3,G5030,S,827386,0,29.0381557,-81.3037205,0.035121995,7.66E-05,15000US121270904003,15000US121270904003,10,1542.6,179812.6,206894,2.8,36,247,359,LOW,31458,0.775921121
1273,9631,12,127,90101,2,1.21E+11,Block Group 2,G5030,S,169453462,11046276,29.3022347,-81.4371001,0.707100108,0.016757994,15000US121270901012,15000US121270901012,0,1762.8,205937.8,228819,3,57,418,926,LOW,43813,0.647690711
5007,4294,12,127,81102,1,1.21E+11,Block Group 1,G5030,S,709397,376492,29.2444971,-81.0246537,0.04145405,0.000100783,15000US121270811021,15000US121270811021,4,1774.9,234002.3,277307,2.8,46,153,269,LOW,55714,0.524172289
5690,6349,12,127,83209,1,1.21E+11,Block Group 1,G5030,S,486490542,31164586,28.8588726,-81.011335,1.219612219,0.047869102,15000US121270832091,15000US121270832091,35,2164.9,307920.6,349651,3.1,1108,867,1742,MED,67171,0.405262065
5093,4377,12,127,82903,4,1.21E+11,Block Group 4,G5030,S,795003,0,29.0288785,-80.9369582,0.041005193,7.36E-05,15000US121270829034,15000US121270829034,14,1259.6,134547.6,145576,2.4,79,138,310,MED,41542,0.671261028
7754,7320,12,127,82507,3,1.21E+11,Block Group 3,G5030,S,1167141,14756,29.1118027,-80.9917577,0.046238927,0.000109554,15000US121270825073,15000US121270825073,31,1451.6,174175.3,197750,2.6,0,240,445,MED,33438,0.755371043
10030,9888,12,127,90202,1,1.21E+11,Block Group 1,G5030,S,4287886,402444,29.0921194,-81.3073159,0.098431885,0.000434669,15000US121270902021,15000US121270902021,1,2175.5,230584.5,247668,3.2,217,198,368,LOW,51331,0.569662688
5146,4441,12,127,82410,3,1.21E+11,Block Group 3,G5030,S,824986,0,29.1237445,-81.0289248,0.05471294,7.65E-05,15000US121270824103,15000US121270824103,9,1364.5,174089.4,197283,2.8,76,184,394,LOW,46387,0.62097561
5103,4389,12,127,80100,3,1.21E+11,Block Group 3,G5030,S,7214422,632375,29.3242135,-81.0891638,0.166157631,0.000728851,15000US121270801003,15000US121270801003,0,2271.3,287700.6,330646,3.3,197,537,1185,LOW,60231,0.477291126
5177,4467,12,127,82414,1,1.21E+11,Block Group 1,G5030,S,3603569,0,29.1524712,-81.0269963,0.078491278,0.000334156,15000US121270824141,15000US121270824141,32,1440.6,155782.9,174609,2.8,55,1136,1480,MED,36497,0.723622211
5325,4602,12,127,90902,3,1.21E+11,Block Group 3,G5030,S,897618,46734,28.886682,-81.3018891,0.038510561,8.73E-05,15000US121270909023,15000US121270909023,0,1320.4,143054.9,164083,2.8,114,190,458,LOW,36146,0.727265179
5266,4551,12,127,80202,2,1.21E+11,Block Group 2,G5030,S,1045845,565841,29.3392151,-81.0658393,0.052972242,0.000149718,15000US121270802022,15000US121270802022,0,1314.4,223093.2,254338,2.4,234,623,853,LOW,43160,0.654468085
7700,7314,12,127,82503,1,1.21E+11,Block Group 1,G5030,S,1500434,6157,29.1449882,-81.0031113,0.056578728,0.000139695,15000US121270825031,15000US121270825031,25,1347.3,127517.3,144382,2.4,133,233,479,MED,55500,0.526393358
5239,4543,12,127,91023,1,1.21E+11,Block Group 1,G5030,S,1034871,0,28.915555,-81.2640076,0.043508765,9.57E-05,15000US121270910231,15000US121270910231,0,1556.1,171396.8,188878,3.1,104,206,505,LOW,56000,0.521203944
5053,4345,12,127,82802,3,1.21E+11,Block Group 3,G5030,S,994248,79937,29.0275032,-80.9252456,0.075289196,9.95E-05,15000US121270828023,15000US121270828023,28,1525.1,312170.1,340993,2.5,84,504,805,MED,38611,0.70168137
9232,8979,12,127,90701,4,1.21E+11,Block Group 4,G5030,S,1303777,0,29.0206257,-81.3281442,0.045690215,0.000120747,15000US121270907014,15000US121270907014,0,1261.5,137206.5,155907,2.7,135,123,300,LOW,52685,0.555609756
5338,4617,12,127,91015,2,1.21E+11,Block Group 2,G5030,S,704001,83168,28.900419,-81.2321073,0.038323215,7.28E-05,15000US121270910152,15000US121270910152,0,1346.3,146160.1,165045,2.7,99,105,225,LOW,32350,0.766663207
5228,4516,12,127,90500,2,1.21E+11,Block Group 2,G5030,S,974158,0,29.0303253,-81.3045219,0.060679285,0.000090228,15000US121270905002,15000US121270905002,37,1423.2,147866.3,173405,2.5,39,130,176,HIGH,20444,0.890233524
5109,4393,12,127,82413,1,1.21E+11,Block Group 1,G5030,S,2939714,0,29.1413957,-81.0429788,0.101863989,0.000272569,15000US121270824131,15000US121270824131,60,1864.2,209709.7,245144,3,211,527,1283,HIGH,56932,0.511530877
9161,8900,12,127,90600,3,1.21E+11,Block Group 3,G5030,S,714342,0,29.0179499,-81.3027718,0.038115358,0.000066156,15000US121270906003,15000US121270906003,21,887.6,73276,93364,2.5,22,59,299,MED,19201,0.903134406
5208,4492,12,127,83006,1,1.21E+11,Block Group 1,G5030,S,1908742,37907,28.9504878,-80.9019205,0.053586598,0.000180166,15000US121270830061,15000US121270830061,35,1498.2,165738.9,181261,2.9,253,669,1538,MED,48438,0.599688635
9763,9581,12,127,90400,1,1.21E+11,Block Group 1,G5030,S,1007407,0,29.0374736,-81.2871352,0.039141325,0.000093314,15000US121270904001,15000US121270904001,6,1573,167027.2,188742,2.7,86,135,247,LOW,49000,0.593855734
7738,7306,12,127,81700,4,1.21E+11,Block Group 4,G5030,S,1129637,0,29.2232222,-81.05376,0.049895266,0.000104821,15000US121270817004,15000US121270817004,65,1414.3,121791.1,133982,2.9,34,155,237,HIGH,26591,0.826434873
6728,6118,12,127,90204,2,1.21E+11,Block Group 2,G5030,S,27004768,1540800,29.039426,-81.3559698,0.252250263,0.002644224,15000US121270902042,15000US121270902042,40,1964.6,218406.8,237298,3.3,547,1362,3018,HIGH,59327,0.486673586
7750,7319,12,127,82507,2,1.21E+11,Block Group 2,G5030,S,1876653,0,29.1160873,-81.0033883,0.060920332,0.00017396,15000US121270825072,15000US121270825072,65,1451.6,174175.3,197750,2.6,286,448,1061,HIGH,54650,0.535215361
8219,7811,12,127,82503,3,1.21E+11,Block Group 3,G5030,S,1580629,0,29.1281981,-80.9909128,0.064257672,0.000146537,15000US121270825033,15000US121270825033,21,1513.6,163918.4,186493,2.9,0,183,264,MED,37083,0.717540218
4690,3950,12,127,80600,1,1.21E+11,Block Group 1,G5030,S,1673335,705295,29.2696262,-81.0492239,0.06299733,0.000220816,15000US121270806001,15000US121270806001,17,1378.8,181159,205462,2.6,109,679,1231,MED,42558,0.660716139
9165,8902,12,127,90600,5,1.21E+11,Block Group 5,G5030,S,686981,0,29.0205034,-81.3172062,0.037937628,6.36E-05,15000US121270906005,15000US121270906005,26,1330,142138,155879,2.9,81,48,116,MED,42669,0.659564089
1807,510,12,127,82100,3,1.21E+11,Block Group 3,G5030,S,665807,0,29.1948748,-81.0255125,0.042265041,6.18E-05,15000US121270821003,15000US121270821003,20,1174.1,82725.1,95264,3.1,14,61,128,MED,18869,0.906580176
5173,4465,12,127,82411,1,1.21E+11,Block Group 1,G5030,S,2394990,0,29.1561116,-81.0527395,0.062380555,0.000222094,15000US121270824111,15000US121270824111,23,1723.9,167740.5,187906,2.7,305,445,642,MED,56250,0.518609237
5008,4296,12,127,82510,2,1.21E+11,Block Group 2,G5030,S,1653657,0,29.1172803,-80.9800229,0.051638345,0.000153291,15000US121270825102,15000US121270825102,77,1404.4,160624.8,181236,2.7,45,1042,1724,HIGH,31019,0.780477426
4316,3572,12,127,80300,2,1.21E+11,Block Group 2,G5030,S,618797,323342,29.3271734,-81.0609928,0.044426996,8.75E-05,15000US121270803002,15000US121270803002,0,1152.9,214326,244488,2.2,211,382,602,LOW,42112,0.665345096
89,880,12,127,91005,1,1.21E+11,Block Group 1,G5030,S,74732898,5442606,28.8183509,-81.1570999,0.575286916,0.007412293,15000US121270910051,15000US121270910051,0,2098.6,306690.6,316752,3.4,73,224,542,LOW,73021,0.344545926
5677,6343,12,127,82704,3,1.21E+11,Block Group 3,G5030,S,47553761,70137824,28.8591891,-80.7967932,0.642140198,0.010882499,15000US121270827043,15000US121270827043,0,2127.5,528489.1,624014,3.2,79,214,247,LOW,83333,0.23751946
943,6348,12,127,91027,2,1.21E+11,Block Group 2,G5030,S,2986663,350086,28.9131477,-81.210285,0.096383384,0.000308711,15000US121270910272,15000US121270910272,0,1579.6,164144.5,180151,3,336,633,1598,LOW,50152,0.581899325
4935,4221,12,127,82605,1,1.21E+11,Block Group 1,G5030,S,943581,1614847,29.1576593,-80.975293,0.061580642,0.000237251,15000US121270826051,15000US121270826051,1,1754.3,337567.8,393781,2.6,256,328,518,LOW,68750,0.388873897
6932,6358,12,127,90204,1,1.21E+11,Block Group 1,G5030,S,77545154,16615272,29.0695395,-81.4328195,0.603758119,0.008725772,15000US121270902041,15000US121270902041,0,1903.2,228209,250326,3.2,221,272,726,LOW,51284,0.570150493
4712,3964,12,127,80700,2,1.21E+11,Block Group 2,G5030,S,995019,5483,29.2951619,-81.067376,0.040052005,9.29E-05,15000US121270807002,15000US121270807002,5,1394.6,188439.4,210873,2.8,78,231,552,LOW,62105,0.457841204
495,3862,12,127,81000,3,1.21E+11,Block Group 3,G5030,S,992397,643154,29.2412806,-81.0356576,0.050551317,0.000151792,15000US121270810003,15000US121270810003,76,1360.6,165702.7,185544,2.5,66,345,691,HIGH,44957,0.635817333
4738,3990,12,127,80805,1,1.21E+11,Block Group 1,G5030,S,1431280,8549,29.27457,-81.0861655,0.057647684,0.000133662,15000US121270808051,15000US121270808051,27,1369.8,143405.3,160949,2.7,96,482,789,MED,30739,0.783383498
5297,4579,12,127,82703,2,1.21E+11,Block Group 2,G5030,S,637055,439396,29.0340138,-80.8933419,0.04006351,9.97E-05,15000US121270827032,15000US121270827032,19,1556.9,466339.8,523239,2.6,149,347,431,MED,67969,0.396979761
4692,3949,12,127,80500,2,1.21E+11,Block Group 2,G5030,S,1461330,1165147,29.273657,-81.0324204,0.064081581,0.000243831,15000US121270805002,15000US121270805002,33,1421.9,203062.9,236990,2.5,201,802,1092,MED,35329,0.735744681
10026,9886,12,127,90400,5,1.21E+11,Block Group 5,G5030,S,859517,0,29.0362012,-81.3171661,0.038054596,7.96E-05,15000US121270904005,15000US121270904005,23,1200.2,137053.9,154601,2.7,83,143,292,MED,49667,0.586933057
1787,487,12,127,82507,1,1.21E+11,Block Group 1,G5030,S,2588413,0,29.1133574,-81.0155401,0.064832104,0.000239932,15000US121270825071,15000US121270825071,201,1773.4,203532.7,236808,2.9,153,164,341,HIGH,44815,0.637291126
9769,9584,12,127,90400,4,1.21E+11,Block Group 4,G5030,S,873060,0,29.0362573,-81.3109137,0.038212534,0.000080869,15000US121270904004,15000US121270904004,16,1423,171691.8,188826,2.8,74,134,239,MED,58482,0.495443695
